insert into hotel (hotel_id, hotel_name, contact_number, email_address, website, hotel_description, room_capacity, address_line, city, state, country, postal_code) values (1, 'گلستان', '305-232-8579', 'golestan@gmail.com',null, 'توضیحات گلستان',20, 'خیابان زوالنوار','شیراز', 'فارس', 'ایران', '33196');
insert into hotel (hotel_id, hotel_name, contact_number, email_address, website, hotel_description, room_capacity, address_line, city, state, country, postal_code) values (2, 'بوستان', '305-818-4534', 'boostan@gmail.com',null, 'توضیحات بوستان',20, 'خیابان زند','شیراز', 'فارس', 'ایران', '33169');
insert into hotel (hotel_id, hotel_name, contact_number, email_address, website, hotel_description, room_capacity, address_line, city, state, country, postal_code) values (3, 'ارم', '904-973-1044', 'eram@gmail.com',null, 'توضیحات ارم', 20, 'بولوار الزهرا','شیراز', 'فارس', 'ایران', '32255');
insert into hotel (hotel_id, hotel_name, contact_number, email_address, website, hotel_description, room_capacity, address_line, city, state, country, postal_code) values (4, 'کوروش', '719-474-3500', 'kourush@gmail.com',null, 'توضیحات کوروش',20, 'بولوار انقلاب','کرج', 'تهران', 'ایران', '80945');
insert into hotel (hotel_id, hotel_name, contact_number, email_address, website, hotel_description, room_capacity, address_line, city, state, country, postal_code) values (5, 'داریوش', '727-685-2361', 'dariush@gmail.com@hubpages.com',	 null, 'توضیحات داریوش',20, 'خیابان بهشتی','کرج', 'تهران', 'ایران', '33710');
insert into hotel (hotel_id, hotel_name, contact_number, email_address, website, hotel_description, room_capacity, address_line, city, state, country, postal_code) values (6, 'جمشید', '719-474-3500', 'jamshid@gmail.com',null, 'توضیحات جمشید',20, 'بولوار انقلاب','کرج', 'تهران', 'ایران', '50945');
insert into hotel (hotel_id, hotel_name, contact_number, email_address, website, hotel_description, room_capacity, address_line, city, state, country, postal_code) values (7, 'آریوبرزن', '727-685-2361', 'ario@gmail.com@hubpages.com',	 null, 'توضیحات آریوبرزن',20, 'خیابان بهشتی','کرج', 'تهران', 'ایران', '31310');


INSERT INTO room_type (room_type_id, type_name, type_cost, type_description, smoke_friendly)
 VALUES 
	(1, 'استاندارد','103',"یک تخت در یک اتاق 30 متر مربعی ",0),
	(2, 'استاندارد دو نفره','123',"دو تخت در یک اتاق 30 متر مربعی",1),
	(3, 'اتاق رویال','130',"یک تخت بزرگ در یک اتاق 30 متر مربعی با نمای شهر",0);
    
    

insert into room (room_id, room_number, room_type_room_type_id, hotel_hotel_id) values (1, 1001, 1, 1);
insert into room (room_id, room_number, room_type_room_type_id, hotel_hotel_id) values (2, 1002, 3, 1);
insert into room (room_id, room_number, room_type_room_type_id, hotel_hotel_id) values (3, 1003, 1, 1);
insert into room (room_id, room_number, room_type_room_type_id, hotel_hotel_id) values (4, 1004, 1, 1);
insert into room (room_id, room_number, room_type_room_type_id, hotel_hotel_id) values (5, 1005, 2, 1);
insert into room (room_id, room_number, room_type_room_type_id, hotel_hotel_id) values (6, 1006, 1, 1);
insert into room (room_id, room_number, room_type_room_type_id, hotel_hotel_id) values (7, 1007, 1, 1);
insert into room (room_id, room_number, room_type_room_type_id, hotel_hotel_id) values (8, 1008, 2, 1);
insert into room (room_id, room_number, room_type_room_type_id, hotel_hotel_id) values (9, 1009, 2, 1);
insert into room (room_id, room_number, room_type_room_type_id, hotel_hotel_id) values (10, 1010, 2, 1);
insert into room (room_id, room_number, room_type_room_type_id, hotel_hotel_id) values (11, 1011, 2, 1);
insert into room (room_id, room_number, room_type_room_type_id, hotel_hotel_id) values (12, 1012, 3, 1);
insert into room (room_id, room_number, room_type_room_type_id, hotel_hotel_id) values (13, 1013, 1, 1);
insert into room (room_id, room_number, room_type_room_type_id, hotel_hotel_id) values (14, 1014, 2, 1);
insert into room (room_id, room_number, room_type_room_type_id, hotel_hotel_id) values (15, 1015, 3, 1);
insert into room (room_id, room_number, room_type_room_type_id, hotel_hotel_id) values (16, 1016, 3, 1);
insert into room (room_id, room_number, room_type_room_type_id, hotel_hotel_id) values (17, 1017, 3, 1);
insert into room (room_id, room_number, room_type_room_type_id, hotel_hotel_id) values (18, 1018, 2, 1);
insert into room (room_id, room_number, room_type_room_type_id, hotel_hotel_id) values (19, 1019, 2, 1);
insert into room (room_id, room_number, room_type_room_type_id, hotel_hotel_id) values (20, 1020, 3, 1);
insert into room (room_id, room_number, room_type_room_type_id, hotel_hotel_id) values (21, 2021, 3, 2);
insert into room (room_id, room_number, room_type_room_type_id, hotel_hotel_id) values (22, 2022, 2, 2);
insert into room (room_id, room_number, room_type_room_type_id, hotel_hotel_id) values (23, 2023, 3, 2);
insert into room (room_id, room_number, room_type_room_type_id, hotel_hotel_id) values (24, 2024, 2, 2);
insert into room (room_id, room_number, room_type_room_type_id, hotel_hotel_id) values (25, 2025, 3, 2);
insert into room (room_id, room_number, room_type_room_type_id, hotel_hotel_id) values (26, 2026, 3, 2);
insert into room (room_id, room_number, room_type_room_type_id, hotel_hotel_id) values (27, 2027, 3, 2);
insert into room (room_id, room_number, room_type_room_type_id, hotel_hotel_id) values (28, 2028, 1, 2);
insert into room (room_id, room_number, room_type_room_type_id, hotel_hotel_id) values (29, 2029, 1, 2);
insert into room (room_id, room_number, room_type_room_type_id, hotel_hotel_id) values (30, 2030, 3, 2);
insert into room (room_id, room_number, room_type_room_type_id, hotel_hotel_id) values (31, 2031, 3, 2);
insert into room (room_id, room_number, room_type_room_type_id, hotel_hotel_id) values (32, 2032, 3, 2);
insert into room (room_id, room_number, room_type_room_type_id, hotel_hotel_id) values (33, 2033, 2, 2);
insert into room (room_id, room_number, room_type_room_type_id, hotel_hotel_id) values (34, 2034, 3, 2);
insert into room (room_id, room_number, room_type_room_type_id, hotel_hotel_id) values (35, 2035, 1, 2);
insert into room (room_id, room_number, room_type_room_type_id, hotel_hotel_id) values (36, 2036, 3, 2);
insert into room (room_id, room_number, room_type_room_type_id, hotel_hotel_id) values (37, 2037, 2, 2);
insert into room (room_id, room_number, room_type_room_type_id, hotel_hotel_id) values (38, 2038, 3, 2);
insert into room (room_id, room_number, room_type_room_type_id, hotel_hotel_id) values (39, 2039, 3, 2);
insert into room (room_id, room_number, room_type_room_type_id, hotel_hotel_id) values (40, 2040, 1, 2);
insert into room (room_id, room_number, room_type_room_type_id, hotel_hotel_id) values (41, 3041, 3, 3);
insert into room (room_id, room_number, room_type_room_type_id, hotel_hotel_id) values (42, 3042, 1, 3);
insert into room (room_id, room_number, room_type_room_type_id, hotel_hotel_id) values (43, 3043, 2, 3);
insert into room (room_id, room_number, room_type_room_type_id, hotel_hotel_id) values (44, 3044, 1, 3);
insert into room (room_id, room_number, room_type_room_type_id, hotel_hotel_id) values (45, 3045, 3, 3);
insert into room (room_id, room_number, room_type_room_type_id, hotel_hotel_id) values (46, 3046, 3, 3);
insert into room (room_id, room_number, room_type_room_type_id, hotel_hotel_id) values (47, 3047, 3, 3);
insert into room (room_id, room_number, room_type_room_type_id, hotel_hotel_id) values (48, 3048, 1, 3);
insert into room (room_id, room_number, room_type_room_type_id, hotel_hotel_id) values (49, 3049, 1, 3);
insert into room (room_id, room_number, room_type_room_type_id, hotel_hotel_id) values (50, 3050, 3, 3);
insert into room (room_id, room_number, room_type_room_type_id, hotel_hotel_id) values (51, 3051, 2, 3);
insert into room (room_id, room_number, room_type_room_type_id, hotel_hotel_id) values (52, 3052, 2, 3);
insert into room (room_id, room_number, room_type_room_type_id, hotel_hotel_id) values (53, 3053, 2, 3);
insert into room (room_id, room_number, room_type_room_type_id, hotel_hotel_id) values (54, 3054, 2, 3);
insert into room (room_id, room_number, room_type_room_type_id, hotel_hotel_id) values (55, 3055, 2, 3);
insert into room (room_id, room_number, room_type_room_type_id, hotel_hotel_id) values (56, 3056, 1, 3);
insert into room (room_id, room_number, room_type_room_type_id, hotel_hotel_id) values (57, 3057, 1, 3);
insert into room (room_id, room_number, room_type_room_type_id, hotel_hotel_id) values (58, 3058, 1, 3);
insert into room (room_id, room_number, room_type_room_type_id, hotel_hotel_id) values (59, 3059, 2, 3);
insert into room (room_id, room_number, room_type_room_type_id, hotel_hotel_id) values (60, 3060, 2, 3);
insert into room (room_id, room_number, room_type_room_type_id, hotel_hotel_id) values (61, 4061, 3, 4);
insert into room (room_id, room_number, room_type_room_type_id, hotel_hotel_id) values (62, 4062, 2, 4);
insert into room (room_id, room_number, room_type_room_type_id, hotel_hotel_id) values (63, 4063, 1, 4);
insert into room (room_id, room_number, room_type_room_type_id, hotel_hotel_id) values (64, 4064, 2, 4);
insert into room (room_id, room_number, room_type_room_type_id, hotel_hotel_id) values (65, 4065, 1, 4);
insert into room (room_id, room_number, room_type_room_type_id, hotel_hotel_id) values (66, 4066, 3, 4);
insert into room (room_id, room_number, room_type_room_type_id, hotel_hotel_id) values (67, 4067, 2, 4);
insert into room (room_id, room_number, room_type_room_type_id, hotel_hotel_id) values (68, 4068, 1, 4);
insert into room (room_id, room_number, room_type_room_type_id, hotel_hotel_id) values (69, 4069, 3, 4);
insert into room (room_id, room_number, room_type_room_type_id, hotel_hotel_id) values (70, 4070, 3, 4);
insert into room (room_id, room_number, room_type_room_type_id, hotel_hotel_id) values (71, 4071, 2, 4);
insert into room (room_id, room_number, room_type_room_type_id, hotel_hotel_id) values (72, 4072, 3, 4);
insert into room (room_id, room_number, room_type_room_type_id, hotel_hotel_id) values (73, 4073, 1, 4);
insert into room (room_id, room_number, room_type_room_type_id, hotel_hotel_id) values (74, 4074, 2, 4);
insert into room (room_id, room_number, room_type_room_type_id, hotel_hotel_id) values (75, 4075, 1, 4);
insert into room (room_id, room_number, room_type_room_type_id, hotel_hotel_id) values (76, 4076, 1, 4);
insert into room (room_id, room_number, room_type_room_type_id, hotel_hotel_id) values (77, 4077, 2, 4);
insert into room (room_id, room_number, room_type_room_type_id, hotel_hotel_id) values (78, 4078, 1, 4);
insert into room (room_id, room_number, room_type_room_type_id, hotel_hotel_id) values (79, 4079, 1, 4);
insert into room (room_id, room_number, room_type_room_type_id, hotel_hotel_id) values (80, 4080, 2, 4);
insert into room (room_id, room_number, room_type_room_type_id, hotel_hotel_id) values (81, 5081, 2, 5);
insert into room (room_id, room_number, room_type_room_type_id, hotel_hotel_id) values (82, 5082, 3, 5);
insert into room (room_id, room_number, room_type_room_type_id, hotel_hotel_id) values (83, 5083, 2, 5);
insert into room (room_id, room_number, room_type_room_type_id, hotel_hotel_id) values (84, 5084, 1, 5);
insert into room (room_id, room_number, room_type_room_type_id, hotel_hotel_id) values (85, 5085, 3, 5);
insert into room (room_id, room_number, room_type_room_type_id, hotel_hotel_id) values (86, 5086, 3, 5);
insert into room (room_id, room_number, room_type_room_type_id, hotel_hotel_id) values (87, 5087, 1, 5);
insert into room (room_id, room_number, room_type_room_type_id, hotel_hotel_id) values (88, 5088, 2, 5);
insert into room (room_id, room_number, room_type_room_type_id, hotel_hotel_id) values (89, 5089, 3, 5);
insert into room (room_id, room_number, room_type_room_type_id, hotel_hotel_id) values (90, 5090, 2, 5);
insert into room (room_id, room_number, room_type_room_type_id, hotel_hotel_id) values (91, 5091, 2, 5);
insert into room (room_id, room_number, room_type_room_type_id, hotel_hotel_id) values (92, 5092, 1, 5);
insert into room (room_id, room_number, room_type_room_type_id, hotel_hotel_id) values (93, 5093, 3, 5);
insert into room (room_id, room_number, room_type_room_type_id, hotel_hotel_id) values (94, 5094, 1, 5);
insert into room (room_id, room_number, room_type_room_type_id, hotel_hotel_id) values (95, 5095, 1, 5);
insert into room (room_id, room_number, room_type_room_type_id, hotel_hotel_id) values (96, 5096, 2, 5);
insert into room (room_id, room_number, room_type_room_type_id, hotel_hotel_id) values (97, 5097, 3, 5);
insert into room (room_id, room_number, room_type_room_type_id, hotel_hotel_id) values (98, 5098, 2, 5);
insert into room (room_id, room_number, room_type_room_type_id, hotel_hotel_id) values (99, 5099, 2, 5);
insert into room (room_id, room_number, room_type_room_type_id, hotel_hotel_id) values (100,5100, 3, 5);

    
  insert into guests (guest_id, national_code, first_name, last_name, contact_number, times_been_here, email_address, address_line, city, state, country, postal_code) values (1, '343-61-9679', 'Joline', 'Martyns', '260-281-0951', null, 'jmartyns0@arstechnica.com', '4993 Summerview Lane', 'Fort Wayne', 'Indiana', 'United States', '46852');
insert into guests (guest_id, national_code, first_name, last_name, contact_number, times_been_here, email_address, address_line, city, state, country, postal_code) values (2, '538-88-2841', 'Jaine', 'Mc Ilwrick', '505-357-7780', null, 'jmcilwrick1@biblegateway.com', '6 Stone Corner Pass', 'Albuquerque', 'New Mexico', 'United States', '87105');
insert into guests (guest_id, national_code, first_name, last_name, contact_number, times_been_here, email_address, address_line, city, state, country, postal_code) values (3, '704-73-4810', 'Gay', 'Le Marquis', '904-390-0971', null, 'glemarquis2@360.cn', '48494 Waywood Street', 'Jacksonville', 'Florida', 'United States', '32244');
insert into guests (guest_id, national_code, first_name, last_name, contact_number, times_been_here, email_address, address_line, city, state, country, postal_code) values (4, '135-39-5145', 'Torin', 'Campana', '502-903-0812', null, 'tcampana3@fema.gov', '5772 Dunning Hill', 'Louisville', 'Kentucky', 'United States', '40293');
insert into guests (guest_id, national_code, first_name, last_name, contact_number, times_been_here, email_address, address_line, city, state, country, postal_code) values (5, '528-26-0576', 'Paulie', 'Kuschel', '571-618-2572', null, 'pkuschel4@phpbb.com', '437 Mariners Cove Point', 'Alexandria', 'Virginia', 'United States', '22313');
insert into guests (guest_id, national_code, first_name, last_name, contact_number, times_been_here, email_address, address_line, city, state, country, postal_code) values (6, '362-28-1407', 'Matthaeus', 'Evans', '812-817-9938', null, 'mevans5@cdbaby.com', '9 Victoria Lane', 'Evansville', 'Indiana', 'United States', '47725');
insert into guests (guest_id, national_code, first_name, last_name, contact_number, times_been_here, email_address, address_line, city, state, country, postal_code) values (7, '715-21-3603', 'Corette', 'Grcic', '413-946-0759', null, 'cgrcic6@wix.com', '9 Marcy Drive', 'Springfield', 'Massachusetts', 'United States', '01129');
insert into guests (guest_id, national_code, first_name, last_name, contact_number, times_been_here, email_address, address_line, city, state, country, postal_code) values (8, '595-46-6012', 'Keefe', 'Durward', '616-587-5419', null, 'kdurward7@cnbc.com', '48 Westerfield Pass', 'Grand Rapids', 'Michigan', 'United States', '49544');
insert into guests (guest_id, national_code, first_name, last_name, contact_number, times_been_here, email_address, address_line, city, state, country, postal_code) values (9, '544-10-7451', 'Brewster', 'Tozer', '615-459-7299', null, 'btozer8@photobucket.com', '8679 Atwood Drive', 'Murfreesboro', 'Tennessee', 'United States', '37131');
insert into guests (guest_id, national_code, first_name, last_name, contact_number, times_been_here, email_address, address_line, city, state, country, postal_code) values (10, '376-32-2911', 'Joyan', 'Chaman', '210-123-1958', null, 'jchaman9@infoseek.co.jp', '1107 Lawn Park', 'San Antonio', 'Texas', 'United States', '78215');
insert into guests (guest_id, national_code, first_name, last_name, contact_number, times_been_here, email_address, address_line, city, state, country, postal_code) values (11, '323-38-2019', 'Svend', 'Ronayne', '805-944-5807', null, 'sronaynea@zdnet.com', '19 Butternut Parkway', 'Santa Barbara', 'California', 'United States', '93106');
insert into guests (guest_id, national_code, first_name, last_name, contact_number, times_been_here, email_address, address_line, city, state, country, postal_code) values (12, '442-55-2206', 'Tobe', 'Denecamp', '915-142-5070', null, 'tdenecampb@ehow.com', '384 Becker Plaza', 'El Paso', 'Texas', 'United States', '88530');
insert into guests (guest_id, national_code, first_name, last_name, contact_number, times_been_here, email_address, address_line, city, state, country, postal_code) values (13, '760-41-9225', 'Devi', 'Cunnell', '912-606-0748', null, 'dcunnellc@patch.com', '162 Sachtjen Court', 'Savannah', 'Georgia', 'United States', '31416');
insert into guests (guest_id, national_code, first_name, last_name, contact_number, times_been_here, email_address, address_line, city, state, country, postal_code) values (14, '833-47-4389', 'Marje', 'Deshorts', '513-591-0672', null, 'mdeshortsd@intel.com', '33 Caliangt Alley', 'Cincinnati', 'Ohio', 'United States', '45223');
insert into guests (guest_id, national_code, first_name, last_name, contact_number, times_been_here, email_address, address_line, city, state, country, postal_code) values (15, '678-43-3448', 'Fabiano', 'Domican', '410-570-9020', null, 'fdomicane@weebly.com', '56 Bobwhite Road', 'Baltimore', 'Maryland', 'United States', '21281');
insert into guests (guest_id, national_code, first_name, last_name, contact_number, times_been_here, email_address, address_line, city, state, country, postal_code) values (16, '459-72-7465', 'Jemima', 'Napleton', '612-400-6266', null, 'jnapletonf@cbsnews.com', '15 Mayfield Junction', 'Minneapolis', 'Minnesota', 'United States', '55480');
insert into guests (guest_id, national_code, first_name, last_name, contact_number, times_been_here, email_address, address_line, city, state, country, postal_code) values (17, '645-51-9224', 'Bethanne', 'Van Son', '214-793-3169', null, 'bvansong@w3.org', '986 Independence Plaza', 'Dallas', 'Texas', 'United States', '75372');
insert into guests (guest_id, national_code, first_name, last_name, contact_number, times_been_here, email_address, address_line, city, state, country, postal_code) values (18, '421-27-1246', 'Sabrina', 'Salkeld', '814-283-5860', null, 'ssalkeldh@amazon.com', '14 Summit Plaza', 'Erie', 'Pennsylvania', 'United States', '16550');
insert into guests (guest_id, national_code, first_name, last_name, contact_number, times_been_here, email_address, address_line, city, state, country, postal_code) values (19, '159-91-4973', 'Kattie', 'Barfoot', '650-450-3085', null, 'kbarfooti@privacy.gov.au', '7 Arizona Crossing', 'San Jose', 'California', 'United States', '95113');
insert into guests (guest_id, national_code, first_name, last_name, contact_number, times_been_here, email_address, address_line, city, state, country, postal_code) values (20, '559-53-8993', 'Gerianne', 'Paulou', '941-453-5395', null, 'gpaulouj@ezinearticles.com', '014 Esker Terrace', 'Punta Gorda', 'Florida', 'United States', '33982');
insert into guests (guest_id, national_code, first_name, last_name, contact_number, times_been_here, email_address, address_line, city, state, country, postal_code) values (21, '313-85-9808', 'Erika', 'Eykelbosch', '703-712-0484', null, 'eeykelboschk@pagesperso-orange.fr', '4107 Elmside Point', 'Reston', 'Virginia', 'United States', '20195');
insert into guests (guest_id, national_code, first_name, last_name, contact_number, times_been_here, email_address, address_line, city, state, country, postal_code) values (22, '473-80-5179', 'Florry', 'Yakob', '305-203-6807', null, 'fyakobl@youtube.com', '1 Vera Road', 'Boca Raton', 'Florida', 'United States', '33487');
insert into guests (guest_id, national_code, first_name, last_name, contact_number, times_been_here, email_address, address_line, city, state, country, postal_code) values (23, '860-29-2528', 'Maudie', 'Davidsen', '775-449-5097', null, 'mdavidsenm@is.gd', '7 Artisan Park', 'Reno', 'Nevada', 'United States', '89510');
insert into guests (guest_id, national_code, first_name, last_name, contact_number, times_been_here, email_address, address_line, city, state, country, postal_code) values (24, '221-20-1393', 'Gaven', 'Drejer', '951-960-6715', null, 'gdrejern@google.pl', '154 Dryden Way', 'Corona', 'California', 'United States', '92883');
insert into guests (guest_id, national_code, first_name, last_name, contact_number, times_been_here, email_address, address_line, city, state, country, postal_code) values (25, '270-56-4035', 'Moria', 'Fulton', '239-769-7416', null, 'mfultono@nydailynews.com', '56 Northridge Circle', 'Fort Myers', 'Florida', 'United States', '33994');
insert into guests (guest_id, national_code, first_name, last_name, contact_number, times_been_here, email_address, address_line, city, state, country, postal_code) values (26, '564-94-1838', 'Merralee', 'Pietz', '914-671-0652', null, 'mpietzp@macromedia.com', '8073 Fieldstone Center', 'Staten Island', 'New York', 'United States', '10310');
insert into guests (guest_id, national_code, first_name, last_name, contact_number, times_been_here, email_address, address_line, city, state, country, postal_code) values (27, '814-67-6119', 'Dehlia', 'Carreck', '808-958-6737', null, 'dcarreckq@alibaba.com', '942 Bay Drive', 'Honolulu', 'Hawaii', 'United States', '96835');
insert into guests (guest_id, national_code, first_name, last_name, contact_number, times_been_here, email_address, address_line, city, state, country, postal_code) values (28, '728-12-9644', 'Darcee', 'Iseton', '803-690-4365', null, 'disetonr@pcworld.com', '6936 Fairfield Alley', 'Columbia', 'South Carolina', 'United States', '29215');
insert into guests (guest_id, national_code, first_name, last_name, contact_number, times_been_here, email_address, address_line, city, state, country, postal_code) values (29, '356-66-2574', 'Odele', 'O'' Mulderrig', '918-293-7221', null, 'oomulderrigs@xinhuanet.com', '96648 Blaine Street', 'Tulsa', 'Oklahoma', 'United States', '74116');
insert into guests (guest_id, national_code, first_name, last_name, contact_number, times_been_here, email_address, address_line, city, state, country, postal_code) values (30, '581-32-6997', 'Eliza', 'Tommasetti', '260-418-1141', null, 'etommasettit@edublogs.org', '5840 Cody Road', 'Fort Wayne', 'Indiana', 'United States', '46862');
insert into guests (guest_id, national_code, first_name, last_name, contact_number, times_been_here, email_address, address_line, city, state, country, postal_code) values (31, '271-43-8271', 'Josephina', 'Peartree', '916-893-7824', null, 'jpeartreeu@bluehost.com', '6404 Haas Pass', 'Sacramento', 'California', 'United States', '94297');
insert into guests (guest_id, national_code, first_name, last_name, contact_number, times_been_here, email_address, address_line, city, state, country, postal_code) values (32, '650-47-0281', 'Northrup', 'Dorbin', '952-232-2119', null, 'ndorbinv@fda.gov', '2 Glendale Pass', 'Maple Plain', 'Minnesota', 'United States', '55579');
insert into guests (guest_id, national_code, first_name, last_name, contact_number, times_been_here, email_address, address_line, city, state, country, postal_code) values (33, '355-66-4991', 'Bella', 'Raffon', '518-758-6031', null, 'braffonw@weebly.com', '96 Sheridan Road', 'Schenectady', 'New York', 'United States', '12305');
insert into guests (guest_id, national_code, first_name, last_name, contact_number, times_been_here, email_address, address_line, city, state, country, postal_code) values (34, '203-30-7388', 'Nert', 'Turpey', '502-263-7974', null, 'nturpeyx@51.la', '53 Manufacturers Avenue', 'Louisville', 'Kentucky', 'United States', '40287');
insert into guests (guest_id, national_code, first_name, last_name, contact_number, times_been_here, email_address, address_line, city, state, country, postal_code) values (35, '363-33-9171', 'Edward', 'Boatwright', '321-946-2123', null, 'eboatwrighty@bbc.co.uk', '51594 Riverside Point', 'Orlando', 'Florida', 'United States', '32825');
insert into guests (guest_id, national_code, first_name, last_name, contact_number, times_been_here, email_address, address_line, city, state, country, postal_code) values (36, '137-52-7576', 'Celine', 'Rayment', '650-305-4574', null, 'craymentz@phoca.cz', '23 Lerdahl Place', 'Sunnyvale', 'California', 'United States', '94089');
insert into guests (guest_id, national_code, first_name, last_name, contact_number, times_been_here, email_address, address_line, city, state, country, postal_code) values (37, '468-73-8504', 'Franciska', 'Beardwood', '970-349-5502', null, 'fbeardwood10@youtube.com', '333 Moland Lane', 'Greeley', 'Colorado', 'United States', '80638');
insert into guests (guest_id, national_code, first_name, last_name, contact_number, times_been_here, email_address, address_line, city, state, country, postal_code) values (38, '227-76-9884', 'Mead', 'Jell', '214-474-4258', null, 'mjell11@salon.com', '63 Washington Road', 'Dallas', 'Texas', 'United States', '75379');
insert into guests (guest_id, national_code, first_name, last_name, contact_number, times_been_here, email_address, address_line, city, state, country, postal_code) values (39, '365-65-3910', 'Wallace', 'Feltham', '915-125-1799', null, 'wfeltham12@dion.ne.jp', '74 Daystar Street', 'El Paso', 'Texas', 'United States', '88525');
insert into guests (guest_id, national_code, first_name, last_name, contact_number, times_been_here, email_address, address_line, city, state, country, postal_code) values (40, '879-56-7158', 'Merle', 'Kinsella', '612-427-1126', null, 'mkinsella13@privacy.gov.au', '0109 Old Shore Point', 'Minneapolis', 'Minnesota', 'United States', '55480');

insert into bookings (booking_id, booking_date, duration_of_stay, check_in_date, check_out_date, hotel_hotel_id, guests_guest_id, room_room_id, total_payment, checked_out) values (1, '2020-06-28', 5, '2020-07-18', '2021-04-16', 4, 30, 68, 2266, 1);
insert into bookings (booking_id, booking_date, duration_of_stay, check_in_date, check_out_date, hotel_hotel_id, guests_guest_id, room_room_id, total_payment, checked_out) values (2, '2021-02-18', 4, '2021-02-21', '2020-12-30', 4, 38, 46, 1442, 0);
insert into bookings (booking_id, booking_date, duration_of_stay, check_in_date, check_out_date, hotel_hotel_id, guests_guest_id, room_room_id, total_payment, checked_out) values (3, '2020-08-12', 7, '2020-07-25', '2020-11-24', 2, 11, 55, 1478, 1);
insert into bookings (booking_id, booking_date, duration_of_stay, check_in_date, check_out_date, hotel_hotel_id, guests_guest_id, room_room_id, total_payment, checked_out) values (4, '2020-11-10', 1, '2020-07-29', '2021-03-01', 3, 9, 8, 1566, 0);
insert into bookings (booking_id, booking_date, duration_of_stay, check_in_date, check_out_date, hotel_hotel_id, guests_guest_id, room_room_id, total_payment, checked_out) values (5, '2020-12-18', 8, '2020-07-22', '2020-10-02', 2, 10, 23, 2124, 1);
insert into bookings (booking_id, booking_date, duration_of_stay, check_in_date, check_out_date, hotel_hotel_id, guests_guest_id, room_room_id, total_payment, checked_out) values (6, '2020-08-10', 4, '2020-07-06', '2021-02-07', 4, 5, 88, 2931, 1);
insert into bookings (booking_id, booking_date, duration_of_stay, check_in_date, check_out_date, hotel_hotel_id, guests_guest_id, room_room_id, total_payment, checked_out) values (7, '2020-07-06', 7, '2021-02-01', '2021-02-06', 4, 21, 90, 1731, 1);
insert into bookings (booking_id, booking_date, duration_of_stay, check_in_date, check_out_date, hotel_hotel_id, guests_guest_id, room_room_id, total_payment, checked_out) values (8, '2020-09-06', 6, '2021-06-07', '2021-03-01', 5, 33, 85, 2601, 0);
insert into bookings (booking_id, booking_date, duration_of_stay, check_in_date, check_out_date, hotel_hotel_id, guests_guest_id, room_room_id, total_payment, checked_out) values (9, '2020-08-23', 6, '2020-12-21', '2021-06-09', 5, 34, 96, 1771, 1);
insert into bookings (booking_id, booking_date, duration_of_stay, check_in_date, check_out_date, hotel_hotel_id, guests_guest_id, room_room_id, total_payment, checked_out) values (10, '2020-10-23', 7, '2020-08-28', '2021-04-29', 5, 17, 7, 2287, 1);
insert into bookings (booking_id, booking_date, duration_of_stay, check_in_date, check_out_date, hotel_hotel_id, guests_guest_id, room_room_id, total_payment, checked_out) values (11, '2021-02-21', 10, '2021-01-02', '2020-09-25', 4, 17, 65, 2054, 0);
insert into bookings (booking_id, booking_date, duration_of_stay, check_in_date, check_out_date, hotel_hotel_id, guests_guest_id, room_room_id, total_payment, checked_out) values (12, '2020-10-25', 8, '2020-10-07', '2021-01-22', 5, 34, 4, 2035, 0);
insert into bookings (booking_id, booking_date, duration_of_stay, check_in_date, check_out_date, hotel_hotel_id, guests_guest_id, room_room_id, total_payment, checked_out) values (13, '2021-05-18', 7, '2021-06-13', '2020-11-24', 4, 31, 37, 1798, 0);
insert into bookings (booking_id, booking_date, duration_of_stay, check_in_date, check_out_date, hotel_hotel_id, guests_guest_id, room_room_id, total_payment, checked_out) values (14, '2021-04-26', 6, '2020-06-25', '2020-08-16', 2, 24, 1, 1942, 1);
insert into bookings (booking_id, booking_date, duration_of_stay, check_in_date, check_out_date, hotel_hotel_id, guests_guest_id, room_room_id, total_payment, checked_out) values (15, '2020-11-17', 2, '2020-08-02', '2020-09-04', 2, 27, 61, 2541, 1);
insert into bookings (booking_id, booking_date, duration_of_stay, check_in_date, check_out_date, hotel_hotel_id, guests_guest_id, room_room_id, total_payment, checked_out) values (16, '2020-07-23', 5, '2020-12-21', '2020-08-02', 1, 14, 47, 2466, 1);
insert into bookings (booking_id, booking_date, duration_of_stay, check_in_date, check_out_date, hotel_hotel_id, guests_guest_id, room_room_id, total_payment, checked_out) values (17, '2020-08-11', 9, '2020-08-16', '2021-06-11', 5, 28, 54, 509, 0);
insert into bookings (booking_id, booking_date, duration_of_stay, check_in_date, check_out_date, hotel_hotel_id, guests_guest_id, room_room_id, total_payment, checked_out) values (18, '2021-05-03', 1, '2021-03-19', '2021-01-01', 4, 13, 39, 1071, 0);
insert into bookings (booking_id, booking_date, duration_of_stay, check_in_date, check_out_date, hotel_hotel_id, guests_guest_id, room_room_id, total_payment, checked_out) values (19, '2021-01-15', 4, '2020-12-26', '2020-08-14', 4, 33, 43, 2236, 0);
insert into bookings (booking_id, booking_date, duration_of_stay, check_in_date, check_out_date, hotel_hotel_id, guests_guest_id, room_room_id, total_payment, checked_out) values (20, '2020-10-16', 4, '2021-03-31', '2020-09-13', 5, 39, 61, 2621, 1);
insert into bookings (booking_id, booking_date, duration_of_stay, check_in_date, check_out_date, hotel_hotel_id, guests_guest_id, room_room_id, total_payment, checked_out) values (21, '2020-11-09', 10, '2020-12-14', '2021-05-16', 2, 28, 44, 1385, 1);
insert into bookings (booking_id, booking_date, duration_of_stay, check_in_date, check_out_date, hotel_hotel_id, guests_guest_id, room_room_id, total_payment, checked_out) values (22, '2021-06-24', 1, '2020-11-03', '2021-03-15', 3, 35, 63, 590, 1);
insert into bookings (booking_id, booking_date, duration_of_stay, check_in_date, check_out_date, hotel_hotel_id, guests_guest_id, room_room_id, total_payment, checked_out) values (23, '2020-12-30', 10, '2021-04-30', '2020-10-04', 4, 35, 13, 542, 1);
insert into bookings (booking_id, booking_date, duration_of_stay, check_in_date, check_out_date, hotel_hotel_id, guests_guest_id, room_room_id, total_payment, checked_out) values (24, '2021-04-16', 10, '2020-10-12', '2020-10-08', 5, 16, 9, 1056, 0);
insert into bookings (booking_id, booking_date, duration_of_stay, check_in_date, check_out_date, hotel_hotel_id, guests_guest_id, room_room_id, total_payment, checked_out) values (25, '2021-03-13', 5, '2021-02-13', '2021-04-14', 3, 19, 24, 1501, 1);
insert into bookings (booking_id, booking_date, duration_of_stay, check_in_date, check_out_date, hotel_hotel_id, guests_guest_id, room_room_id, total_payment, checked_out) values (26, '2020-07-02', 8, '2021-03-14', '2020-09-11', 2, 35, 72, 543, 0);
insert into bookings (booking_id, booking_date, duration_of_stay, check_in_date, check_out_date, hotel_hotel_id, guests_guest_id, room_room_id, total_payment, checked_out) values (27, '2020-07-16', 2, '2021-05-13', '2020-12-30', 3, 10, 66, 1968, 1);
insert into bookings (booking_id, booking_date, duration_of_stay, check_in_date, check_out_date, hotel_hotel_id, guests_guest_id, room_room_id, total_payment, checked_out) values (28, '2020-10-08', 6, '2021-04-29', '2020-12-25', 5, 20, 41, 2640, 0);
insert into bookings (booking_id, booking_date, duration_of_stay, check_in_date, check_out_date, hotel_hotel_id, guests_guest_id, room_room_id, total_payment, checked_out) values (29, '2021-05-13', 4, '2021-03-17', '2020-11-16', 2, 23, 54, 1994, 1);
insert into bookings (booking_id, booking_date, duration_of_stay, check_in_date, check_out_date, hotel_hotel_id, guests_guest_id, room_room_id, total_payment, checked_out) values (30, '2020-11-17', 10, '2020-07-06', '2021-01-28', 2, 26, 46, 2451, 1);
insert into bookings (booking_id, booking_date, duration_of_stay, check_in_date, check_out_date, hotel_hotel_id, guests_guest_id, room_room_id, total_payment, checked_out) values (31, '2021-04-06', 8, '2020-09-23', '2021-02-11', 1, 26, 32, 1441, 0);
insert into bookings (booking_id, booking_date, duration_of_stay, check_in_date, check_out_date, hotel_hotel_id, guests_guest_id, room_room_id, total_payment, checked_out) values (32, '2021-05-18', 7, '2021-01-10', '2020-09-30', 1, 15, 1, 2910, 0);
insert into bookings (booking_id, booking_date, duration_of_stay, check_in_date, check_out_date, hotel_hotel_id, guests_guest_id, room_room_id, total_payment, checked_out) values (33, '2021-06-05', 3, '2020-12-26', '2021-04-06', 4, 16, 23, 529, 0);
insert into bookings (booking_id, booking_date, duration_of_stay, check_in_date, check_out_date, hotel_hotel_id, guests_guest_id, room_room_id, total_payment, checked_out) values (34, '2021-04-01', 9, '2020-09-05', '2021-02-17', 4, 25, 80, 1399, 0);
insert into bookings (booking_id, booking_date, duration_of_stay, check_in_date, check_out_date, hotel_hotel_id, guests_guest_id, room_room_id, total_payment, checked_out) values (35, '2020-12-09', 4, '2021-05-24', '2020-07-22', 4, 31, 84, 920, 0);
insert into bookings (booking_id, booking_date, duration_of_stay, check_in_date, check_out_date, hotel_hotel_id, guests_guest_id, room_room_id, total_payment, checked_out) values (36, '2021-06-12', 6, '2021-01-10', '2020-09-15', 1, 15, 41, 1603, 0);
insert into bookings (booking_id, booking_date, duration_of_stay, check_in_date, check_out_date, hotel_hotel_id, guests_guest_id, room_room_id, total_payment, checked_out) values (37, '2020-07-02', 5, '2020-11-02', '2021-04-02', 4, 34, 68, 898, 1);
insert into bookings (booking_id, booking_date, duration_of_stay, check_in_date, check_out_date, hotel_hotel_id, guests_guest_id, room_room_id, total_payment, checked_out) values (38, '2020-07-24', 10, '2021-04-25', '2020-08-25', 2, 25, 80, 1973, 0);
insert into bookings (booking_id, booking_date, duration_of_stay, check_in_date, check_out_date, hotel_hotel_id, guests_guest_id, room_room_id, total_payment, checked_out) values (39, '2020-07-22', 9, '2021-03-30', '2020-09-17', 5, 8, 70, 1467, 1);
insert into bookings (booking_id, booking_date, duration_of_stay, check_in_date, check_out_date, hotel_hotel_id, guests_guest_id, room_room_id, total_payment, checked_out) values (40, '2021-04-02', 6, '2021-03-24', '2020-10-29', 1, 39, 52, 708, 1);
insert into bookings (booking_id, booking_date, duration_of_stay, check_in_date, check_out_date, hotel_hotel_id, guests_guest_id, room_room_id, total_payment, checked_out) values (41, '2020-11-24', 3, '2021-06-09', '2020-11-09', 5, 28, 4, 1652, 1);
insert into bookings (booking_id, booking_date, duration_of_stay, check_in_date, check_out_date, hotel_hotel_id, guests_guest_id, room_room_id, total_payment, checked_out) values (42, '2021-04-13', 3, '2021-06-07', '2020-10-09', 2, 35, 48, 2466, 1);
insert into bookings (booking_id, booking_date, duration_of_stay, check_in_date, check_out_date, hotel_hotel_id, guests_guest_id, room_room_id, total_payment, checked_out) values (43, '2021-06-14', 6, '2020-11-13', '2020-12-05', 5, 21, 47, 2995, 0);
insert into bookings (booking_id, booking_date, duration_of_stay, check_in_date, check_out_date, hotel_hotel_id, guests_guest_id, room_room_id, total_payment, checked_out) values (44, '2020-09-22', 4, '2021-03-20', '2021-05-22', 5, 23, 71, 2605, 0);
insert into bookings (booking_id, booking_date, duration_of_stay, check_in_date, check_out_date, hotel_hotel_id, guests_guest_id, room_room_id, total_payment, checked_out) values (45, '2020-10-12', 4, '2020-08-20', '2020-12-10', 2, 8, 29, 1394, 1);
insert into bookings (booking_id, booking_date, duration_of_stay, check_in_date, check_out_date, hotel_hotel_id, guests_guest_id, room_room_id, total_payment, checked_out) values (46, '2021-04-01', 6, '2021-03-20', '2021-05-09', 4, 11, 13, 1281, 1);
insert into bookings (booking_id, booking_date, duration_of_stay, check_in_date, check_out_date, hotel_hotel_id, guests_guest_id, room_room_id, total_payment, checked_out) values (47, '2021-04-11', 8, '2021-03-13', '2020-10-16', 3, 35, 25, 812, 1);
insert into bookings (booking_id, booking_date, duration_of_stay, check_in_date, check_out_date, hotel_hotel_id, guests_guest_id, room_room_id, total_payment, checked_out) values (48, '2021-04-10', 10, '2020-07-05', '2021-05-07', 3, 36, 11, 2140, 1);
insert into bookings (booking_id, booking_date, duration_of_stay, check_in_date, check_out_date, hotel_hotel_id, guests_guest_id, room_room_id, total_payment, checked_out) values (49, '2021-02-20', 4, '2021-02-22', '2021-03-05', 1, 33, 79, 1882, 0);
insert into bookings (booking_id, booking_date, duration_of_stay, check_in_date, check_out_date, hotel_hotel_id, guests_guest_id, room_room_id, total_payment, checked_out) values (50, '2020-07-28', 7, '2020-11-21', '2021-03-23', 4, 7, 81, 1107, 0);
insert into bookings (booking_id, booking_date, duration_of_stay, check_in_date, check_out_date, hotel_hotel_id, guests_guest_id, room_room_id, total_payment, checked_out) values (51, '2020-09-24', 5, '2021-02-20', '2021-06-06', 4, 6, 56, 2043, 0);
insert into bookings (booking_id, booking_date, duration_of_stay, check_in_date, check_out_date, hotel_hotel_id, guests_guest_id, room_room_id, total_payment, checked_out) values (52, '2020-08-25', 9, '2020-10-31', '2021-02-26', 5, 36, 98, 2905, 1);
insert into bookings (booking_id, booking_date, duration_of_stay, check_in_date, check_out_date, hotel_hotel_id, guests_guest_id, room_room_id, total_payment, checked_out) values (53, '2021-04-07', 6, '2020-06-26', '2020-09-02', 1, 17, 41, 2694, 0);
insert into bookings (booking_id, booking_date, duration_of_stay, check_in_date, check_out_date, hotel_hotel_id, guests_guest_id, room_room_id, total_payment, checked_out) values (54, '2021-03-06', 2, '2021-04-04', '2021-02-04', 4, 2, 29, 540, 0);
insert into bookings (booking_id, booking_date, duration_of_stay, check_in_date, check_out_date, hotel_hotel_id, guests_guest_id, room_room_id, total_payment, checked_out) values (55, '2021-06-07', 8, '2021-05-26', '2020-12-14', 3, 38, 58, 2220, 0);
insert into bookings (booking_id, booking_date, duration_of_stay, check_in_date, check_out_date, hotel_hotel_id, guests_guest_id, room_room_id, total_payment, checked_out) values (56, '2020-12-03', 6, '2020-10-11', '2021-05-21', 2, 35, 87, 2943, 0);
insert into bookings (booking_id, booking_date, duration_of_stay, check_in_date, check_out_date, hotel_hotel_id, guests_guest_id, room_room_id, total_payment, checked_out) values (57, '2021-02-06', 6, '2020-11-15', '2021-05-22', 5, 26, 58, 1474, 0);
insert into bookings (booking_id, booking_date, duration_of_stay, check_in_date, check_out_date, hotel_hotel_id, guests_guest_id, room_room_id, total_payment, checked_out) values (58, '2021-03-23', 3, '2021-06-04', '2021-03-14', 1, 1, 79, 1620, 1);
insert into bookings (booking_id, booking_date, duration_of_stay, check_in_date, check_out_date, hotel_hotel_id, guests_guest_id, room_room_id, total_payment, checked_out) values (59, '2021-02-04', 2, '2021-05-09', '2021-02-07', 1, 34, 84, 663, 1);
insert into bookings (booking_id, booking_date, duration_of_stay, check_in_date, check_out_date, hotel_hotel_id, guests_guest_id, room_room_id, total_payment, checked_out) values (60, '2020-12-30', 8, '2021-02-06', '2021-04-06', 2, 6, 56, 664, 1);
insert into bookings (booking_id, booking_date, duration_of_stay, check_in_date, check_out_date, hotel_hotel_id, guests_guest_id, room_room_id, total_payment, checked_out) values (61, '2021-05-06', 3, '2021-03-28', '2021-06-03', 3, 1, 15, 769, 1);
insert into bookings (booking_id, booking_date, duration_of_stay, check_in_date, check_out_date, hotel_hotel_id, guests_guest_id, room_room_id, total_payment, checked_out) values (62, '2020-12-14', 9, '2020-08-22', '2020-09-22', 1, 24, 9, 2021, 1);
insert into bookings (booking_id, booking_date, duration_of_stay, check_in_date, check_out_date, hotel_hotel_id, guests_guest_id, room_room_id, total_payment, checked_out) values (63, '2021-04-29', 3, '2021-04-13', '2021-02-07', 1, 36, 73, 2521, 0);
insert into bookings (booking_id, booking_date, duration_of_stay, check_in_date, check_out_date, hotel_hotel_id, guests_guest_id, room_room_id, total_payment, checked_out) values (64, '2020-07-05', 6, '2021-06-21', '2021-03-27', 3, 9, 60, 2940, 1);
insert into bookings (booking_id, booking_date, duration_of_stay, check_in_date, check_out_date, hotel_hotel_id, guests_guest_id, room_room_id, total_payment, checked_out) values (65, '2021-05-07', 1, '2020-12-03', '2021-06-18', 5, 3, 35, 2480, 0);
insert into bookings (booking_id, booking_date, duration_of_stay, check_in_date, check_out_date, hotel_hotel_id, guests_guest_id, room_room_id, total_payment, checked_out) values (66, '2020-10-04', 9, '2021-05-14', '2021-05-15', 1, 2, 94, 828, 0);
insert into bookings (booking_id, booking_date, duration_of_stay, check_in_date, check_out_date, hotel_hotel_id, guests_guest_id, room_room_id, total_payment, checked_out) values (67, '2021-05-05', 4, '2021-05-21', '2020-11-22', 2, 29, 83, 2738, 1);
insert into bookings (booking_id, booking_date, duration_of_stay, check_in_date, check_out_date, hotel_hotel_id, guests_guest_id, room_room_id, total_payment, checked_out) values (68, '2020-11-28', 8, '2020-09-29', '2021-05-20', 1, 12, 50, 2563, 0);
insert into bookings (booking_id, booking_date, duration_of_stay, check_in_date, check_out_date, hotel_hotel_id, guests_guest_id, room_room_id, total_payment, checked_out) values (69, '2021-04-09', 7, '2021-03-03', '2020-12-27', 1, 23, 22, 2438, 1);
insert into bookings (booking_id, booking_date, duration_of_stay, check_in_date, check_out_date, hotel_hotel_id, guests_guest_id, room_room_id, total_payment, checked_out) values (70, '2021-06-13', 9, '2020-12-22', '2021-04-26', 2, 6, 22, 2512, 0);
insert into bookings (booking_id, booking_date, duration_of_stay, check_in_date, check_out_date, hotel_hotel_id, guests_guest_id, room_room_id, total_payment, checked_out) values (71, '2020-12-31', 2, '2021-02-02', '2021-01-01', 5, 6, 85, 2110, 0);
insert into bookings (booking_id, booking_date, duration_of_stay, check_in_date, check_out_date, hotel_hotel_id, guests_guest_id, room_room_id, total_payment, checked_out) values (72, '2020-07-18', 1, '2021-03-11', '2020-09-12', 4, 6, 37, 715, 1);
insert into bookings (booking_id, booking_date, duration_of_stay, check_in_date, check_out_date, hotel_hotel_id, guests_guest_id, room_room_id, total_payment, checked_out) values (73, '2021-03-22', 4, '2021-01-12', '2020-06-29', 4, 33, 100, 2507, 1);
insert into bookings (booking_id, booking_date, duration_of_stay, check_in_date, check_out_date, hotel_hotel_id, guests_guest_id, room_room_id, total_payment, checked_out) values (74, '2020-09-30', 10, '2021-01-02', '2021-05-08', 4, 17, 20, 858, 0);
insert into bookings (booking_id, booking_date, duration_of_stay, check_in_date, check_out_date, hotel_hotel_id, guests_guest_id, room_room_id, total_payment, checked_out) values (75, '2020-09-24', 8, '2021-04-22', '2021-06-09', 1, 29, 77, 1248, 1);
insert into bookings (booking_id, booking_date, duration_of_stay, check_in_date, check_out_date, hotel_hotel_id, guests_guest_id, room_room_id, total_payment, checked_out) values (76, '2020-12-03', 10, '2020-08-07', '2021-02-27', 5, 33, 71, 2508, 0);
insert into bookings (booking_id, booking_date, duration_of_stay, check_in_date, check_out_date, hotel_hotel_id, guests_guest_id, room_room_id, total_payment, checked_out) values (77, '2020-09-01', 2, '2020-09-23', '2021-01-14', 5, 7, 87, 2459, 0);
insert into bookings (booking_id, booking_date, duration_of_stay, check_in_date, check_out_date, hotel_hotel_id, guests_guest_id, room_room_id, total_payment, checked_out) values (78, '2021-02-06', 6, '2021-03-27', '2021-05-28', 2, 38, 51, 2661, 1);
insert into bookings (booking_id, booking_date, duration_of_stay, check_in_date, check_out_date, hotel_hotel_id, guests_guest_id, room_room_id, total_payment, checked_out) values (79, '2020-10-07', 1, '2020-07-31', '2020-07-21', 5, 18, 29, 924, 0);
insert into bookings (booking_id, booking_date, duration_of_stay, check_in_date, check_out_date, hotel_hotel_id, guests_guest_id, room_room_id, total_payment, checked_out) values (80, '2021-06-15', 2, '2021-05-17', '2021-05-30', 3, 40, 56, 2871, 0);
insert into bookings (booking_id, booking_date, duration_of_stay, check_in_date, check_out_date, hotel_hotel_id, guests_guest_id, room_room_id, total_payment, checked_out) values (81, '2021-04-01', 1, '2020-08-03', '2021-01-01', 4, 9, 78, 2934, 0);
insert into bookings (booking_id, booking_date, duration_of_stay, check_in_date, check_out_date, hotel_hotel_id, guests_guest_id, room_room_id, total_payment, checked_out) values (82, '2021-05-21', 7, '2020-11-13', '2020-11-29', 1, 15, 65, 1033, 0);
insert into bookings (booking_id, booking_date, duration_of_stay, check_in_date, check_out_date, hotel_hotel_id, guests_guest_id, room_room_id, total_payment, checked_out) values (83, '2021-06-01', 7, '2020-09-25', '2021-03-03', 1, 2, 88, 1744, 1);
insert into bookings (booking_id, booking_date, duration_of_stay, check_in_date, check_out_date, hotel_hotel_id, guests_guest_id, room_room_id, total_payment, checked_out) values (84, '2021-01-16', 8, '2021-03-09', '2021-03-18', 3, 15, 52, 844, 0);
insert into bookings (booking_id, booking_date, duration_of_stay, check_in_date, check_out_date, hotel_hotel_id, guests_guest_id, room_room_id, total_payment, checked_out) values (85, '2021-03-17', 3, '2021-05-14', '2021-05-29', 5, 33, 73, 2180, 0);
insert into bookings (booking_id, booking_date, duration_of_stay, check_in_date, check_out_date, hotel_hotel_id, guests_guest_id, room_room_id, total_payment, checked_out) values (86, '2020-08-24', 4, '2020-10-21', '2021-05-26', 5, 32, 27, 1789, 0);
insert into bookings (booking_id, booking_date, duration_of_stay, check_in_date, check_out_date, hotel_hotel_id, guests_guest_id, room_room_id, total_payment, checked_out) values (87, '2020-12-13', 1, '2020-11-24', '2021-04-17', 2, 12, 44, 1906, 0);
insert into bookings (booking_id, booking_date, duration_of_stay, check_in_date, check_out_date, hotel_hotel_id, guests_guest_id, room_room_id, total_payment, checked_out) values (88, '2021-06-09', 6, '2020-11-12', '2021-03-22', 1, 3, 97, 2551, 1);
insert into bookings (booking_id, booking_date, duration_of_stay, check_in_date, check_out_date, hotel_hotel_id, guests_guest_id, room_room_id, total_payment, checked_out) values (89, '2021-03-28', 1, '2021-05-03', '2021-01-02', 3, 22, 86, 2459, 1);
insert into bookings (booking_id, booking_date, duration_of_stay, check_in_date, check_out_date, hotel_hotel_id, guests_guest_id, room_room_id, total_payment, checked_out) values (90, '2021-05-23', 9, '2020-07-22', '2021-02-20', 2, 23, 49, 1917, 0);
insert into bookings (booking_id, booking_date, duration_of_stay, check_in_date, check_out_date, hotel_hotel_id, guests_guest_id, room_room_id, total_payment, checked_out) values (91, '2021-02-20', 1, '2021-01-08', '2020-07-10', 5, 6, 59, 2494, 1);
insert into bookings (booking_id, booking_date, duration_of_stay, check_in_date, check_out_date, hotel_hotel_id, guests_guest_id, room_room_id, total_payment, checked_out) values (92, '2020-08-05', 10, '2020-07-05', '2020-09-28', 2, 14, 6, 1233, 1);
insert into bookings (booking_id, booking_date, duration_of_stay, check_in_date, check_out_date, hotel_hotel_id, guests_guest_id, room_room_id, total_payment, checked_out) values (93, '2021-02-01', 9, '2021-05-01', '2021-05-20', 4, 30, 30, 2857, 1);
insert into bookings (booking_id, booking_date, duration_of_stay, check_in_date, check_out_date, hotel_hotel_id, guests_guest_id, room_room_id, total_payment, checked_out) values (94, '2021-02-12', 7, '2021-01-22', '2021-06-16', 2, 31, 23, 728, 0);
insert into bookings (booking_id, booking_date, duration_of_stay, check_in_date, check_out_date, hotel_hotel_id, guests_guest_id, room_room_id, total_payment, checked_out) values (95, '2020-09-22', 8, '2021-03-27', '2020-08-06', 3, 12, 15, 2570, 0);
insert into bookings (booking_id, booking_date, duration_of_stay, check_in_date, check_out_date, hotel_hotel_id, guests_guest_id, room_room_id, total_payment, checked_out) values (96, '2020-12-20', 10, '2020-08-19', '2021-05-31', 2, 31, 68, 1009, 1);
insert into bookings (booking_id, booking_date, duration_of_stay, check_in_date, check_out_date, hotel_hotel_id, guests_guest_id, room_room_id, total_payment, checked_out) values (97, '2021-05-27', 2, '2021-06-20', '2021-01-16', 2, 35, 54, 2026, 0);
insert into bookings (booking_id, booking_date, duration_of_stay, check_in_date, check_out_date, hotel_hotel_id, guests_guest_id, room_room_id, total_payment, checked_out) values (98, '2020-09-05', 2, '2020-08-31', '2021-05-06', 5, 33, 19, 2608, 0);
insert into bookings (booking_id, booking_date, duration_of_stay, check_in_date, check_out_date, hotel_hotel_id, guests_guest_id, room_room_id, total_payment, checked_out) values (99, '2021-01-13', 2, '2020-10-01', '2021-02-02', 5, 33, 80, 1928, 1);
insert into bookings (booking_id, booking_date, duration_of_stay, check_in_date, check_out_date, hotel_hotel_id, guests_guest_id, room_room_id, total_payment, checked_out) values (100, '2021-06-14', 7, '2020-11-25', '2021-03-13', 4, 25, 29, 672, 1);
insert into bookings (booking_id, booking_date, duration_of_stay, check_in_date, check_out_date, hotel_hotel_id, guests_guest_id, room_room_id, total_payment, checked_out) values (101, '2021-04-17', 9, '2020-06-26', '2020-11-28', 3, 15, 84, 2042, 1);
insert into bookings (booking_id, booking_date, duration_of_stay, check_in_date, check_out_date, hotel_hotel_id, guests_guest_id, room_room_id, total_payment, checked_out) values (102, '2021-05-24', 9, '2021-03-26', '2021-01-11', 4, 2, 56, 2952, 0);
insert into bookings (booking_id, booking_date, duration_of_stay, check_in_date, check_out_date, hotel_hotel_id, guests_guest_id, room_room_id, total_payment, checked_out) values (103, '2020-09-03', 4, '2020-07-01', '2020-08-13', 1, 10, 78, 2845, 1);
insert into bookings (booking_id, booking_date, duration_of_stay, check_in_date, check_out_date, hotel_hotel_id, guests_guest_id, room_room_id, total_payment, checked_out) values (104, '2020-07-24', 5, '2020-07-15', '2021-05-26', 2, 21, 9, 2881, 1);
insert into bookings (booking_id, booking_date, duration_of_stay, check_in_date, check_out_date, hotel_hotel_id, guests_guest_id, room_room_id, total_payment, checked_out) values (105, '2020-12-14', 9, '2021-03-05', '2021-04-25', 3, 25, 67, 1103, 0);
insert into bookings (booking_id, booking_date, duration_of_stay, check_in_date, check_out_date, hotel_hotel_id, guests_guest_id, room_room_id, total_payment, checked_out) values (106, '2020-12-05', 2, '2021-01-13', '2020-11-10', 5, 39, 82, 1782, 0);
insert into bookings (booking_id, booking_date, duration_of_stay, check_in_date, check_out_date, hotel_hotel_id, guests_guest_id, room_room_id, total_payment, checked_out) values (107, '2020-09-26', 6, '2021-03-21', '2020-11-19', 2, 12, 63, 2716, 0);
insert into bookings (booking_id, booking_date, duration_of_stay, check_in_date, check_out_date, hotel_hotel_id, guests_guest_id, room_room_id, total_payment, checked_out) values (108, '2021-03-01', 9, '2020-06-28', '2020-10-12', 1, 31, 51, 2040, 1);
insert into bookings (booking_id, booking_date, duration_of_stay, check_in_date, check_out_date, hotel_hotel_id, guests_guest_id, room_room_id, total_payment, checked_out) values (109, '2020-07-14', 10, '2021-02-24', '2021-04-18', 2, 8, 51, 2690, 1);
insert into bookings (booking_id, booking_date, duration_of_stay, check_in_date, check_out_date, hotel_hotel_id, guests_guest_id, room_room_id, total_payment, checked_out) values (110, '2020-08-01', 2, '2021-05-02', '2020-11-25', 2, 16, 4, 1897, 1);
insert into bookings (booking_id, booking_date, duration_of_stay, check_in_date, check_out_date, hotel_hotel_id, guests_guest_id, room_room_id, total_payment, checked_out) values (111, '2020-11-27', 2, '2021-06-13', '2021-05-11', 1, 18, 26, 2655, 1);
insert into bookings (booking_id, booking_date, duration_of_stay, check_in_date, check_out_date, hotel_hotel_id, guests_guest_id, room_room_id, total_payment, checked_out) values (112, '2020-07-14', 5, '2021-04-15', '2021-03-27', 1, 19, 23, 1874, 1);
insert into bookings (booking_id, booking_date, duration_of_stay, check_in_date, check_out_date, hotel_hotel_id, guests_guest_id, room_room_id, total_payment, checked_out) values (113, '2021-02-07', 10, '2021-06-19', '2020-07-24', 2, 21, 10, 1157, 0);
insert into bookings (booking_id, booking_date, duration_of_stay, check_in_date, check_out_date, hotel_hotel_id, guests_guest_id, room_room_id, total_payment, checked_out) values (114, '2020-09-27', 8, '2021-03-31', '2021-04-04', 4, 28, 11, 2125, 0);
insert into bookings (booking_id, booking_date, duration_of_stay, check_in_date, check_out_date, hotel_hotel_id, guests_guest_id, room_room_id, total_payment, checked_out) values (115, '2020-09-28', 7, '2020-08-24', '2020-12-15', 2, 16, 13, 1223, 1);
insert into bookings (booking_id, booking_date, duration_of_stay, check_in_date, check_out_date, hotel_hotel_id, guests_guest_id, room_room_id, total_payment, checked_out) values (116, '2020-12-08', 6, '2021-02-10', '2020-07-09', 1, 27, 44, 2480, 0);
insert into bookings (booking_id, booking_date, duration_of_stay, check_in_date, check_out_date, hotel_hotel_id, guests_guest_id, room_room_id, total_payment, checked_out) values (117, '2020-06-25', 3, '2020-08-30', '2020-07-10', 1, 36, 33, 2375, 0);
insert into bookings (booking_id, booking_date, duration_of_stay, check_in_date, check_out_date, hotel_hotel_id, guests_guest_id, room_room_id, total_payment, checked_out) values (118, '2021-01-17', 8, '2020-11-11', '2020-08-29', 1, 14, 28, 809, 1);
insert into bookings (booking_id, booking_date, duration_of_stay, check_in_date, check_out_date, hotel_hotel_id, guests_guest_id, room_room_id, total_payment, checked_out) values (119, '2021-06-14', 4, '2020-08-24', '2021-06-09', 3, 33, 33, 1956, 0);
insert into bookings (booking_id, booking_date, duration_of_stay, check_in_date, check_out_date, hotel_hotel_id, guests_guest_id, room_room_id, total_payment, checked_out) values (120, '2020-06-27', 5, '2020-10-08', '2020-12-03', 2, 13, 4, 2541, 0);
insert into bookings (booking_id, booking_date, duration_of_stay, check_in_date, check_out_date, hotel_hotel_id, guests_guest_id, room_room_id, total_payment, checked_out) values (121, '2021-03-31', 9, '2020-11-29', '2021-03-27', 4, 29, 62, 901, 0);
insert into bookings (booking_id, booking_date, duration_of_stay, check_in_date, check_out_date, hotel_hotel_id, guests_guest_id, room_room_id, total_payment, checked_out) values (122, '2021-04-18', 1, '2021-01-02', '2021-02-09', 3, 33, 14, 954, 0);
insert into bookings (booking_id, booking_date, duration_of_stay, check_in_date, check_out_date, hotel_hotel_id, guests_guest_id, room_room_id, total_payment, checked_out) values (123, '2020-10-01', 7, '2020-08-17', '2020-09-08', 3, 5, 73, 1450, 0);
insert into bookings (booking_id, booking_date, duration_of_stay, check_in_date, check_out_date, hotel_hotel_id, guests_guest_id, room_room_id, total_payment, checked_out) values (124, '2021-03-03', 7, '2020-10-18', '2021-06-21', 1, 24, 11, 1598, 0);
insert into bookings (booking_id, booking_date, duration_of_stay, check_in_date, check_out_date, hotel_hotel_id, guests_guest_id, room_room_id, total_payment, checked_out) values (125, '2020-09-18', 3, '2020-08-09', '2020-11-23', 4, 11, 88, 647, 1);
insert into bookings (booking_id, booking_date, duration_of_stay, check_in_date, check_out_date, hotel_hotel_id, guests_guest_id, room_room_id, total_payment, checked_out) values (126, '2020-09-25', 10, '2021-06-04', '2021-04-16', 1, 40, 54, 1485, 1);
insert into bookings (booking_id, booking_date, duration_of_stay, check_in_date, check_out_date, hotel_hotel_id, guests_guest_id, room_room_id, total_payment, checked_out) values (127, '2020-12-05', 5, '2021-05-20', '2020-08-30', 4, 18, 99, 1969, 0);
insert into bookings (booking_id, booking_date, duration_of_stay, check_in_date, check_out_date, hotel_hotel_id, guests_guest_id, room_room_id, total_payment, checked_out) values (128, '2020-11-17', 4, '2021-03-23', '2020-12-19', 1, 29, 32, 618, 1);
insert into bookings (booking_id, booking_date, duration_of_stay, check_in_date, check_out_date, hotel_hotel_id, guests_guest_id, room_room_id, total_payment, checked_out) values (129, '2020-06-26', 5, '2021-02-08', '2021-04-15', 5, 34, 15, 1400, 0);
insert into bookings (booking_id, booking_date, duration_of_stay, check_in_date, check_out_date, hotel_hotel_id, guests_guest_id, room_room_id, total_payment, checked_out) values (130, '2020-10-30', 8, '2021-06-23', '2020-07-17', 1, 18, 84, 945, 1);
insert into bookings (booking_id, booking_date, duration_of_stay, check_in_date, check_out_date, hotel_hotel_id, guests_guest_id, room_room_id, total_payment, checked_out) values (131, '2020-12-23', 7, '2020-07-26', '2020-11-24', 1, 21, 69, 1973, 0);
insert into bookings (booking_id, booking_date, duration_of_stay, check_in_date, check_out_date, hotel_hotel_id, guests_guest_id, room_room_id, total_payment, checked_out) values (132, '2021-01-09', 1, '2020-12-18', '2020-08-15', 1, 27, 43, 1851, 0);
insert into bookings (booking_id, booking_date, duration_of_stay, check_in_date, check_out_date, hotel_hotel_id, guests_guest_id, room_room_id, total_payment, checked_out) values (133, '2020-09-03', 8, '2020-07-27', '2021-04-17', 5, 21, 12, 2252, 1);
insert into bookings (booking_id, booking_date, duration_of_stay, check_in_date, check_out_date, hotel_hotel_id, guests_guest_id, room_room_id, total_payment, checked_out) values (134, '2021-02-04', 10, '2021-02-02', '2021-06-01', 2, 38, 55, 1726, 0);
insert into bookings (booking_id, booking_date, duration_of_stay, check_in_date, check_out_date, hotel_hotel_id, guests_guest_id, room_room_id, total_payment, checked_out) values (135, '2021-04-15', 3, '2020-11-25', '2020-06-30', 3, 33, 28, 504, 0);
insert into bookings (booking_id, booking_date, duration_of_stay, check_in_date, check_out_date, hotel_hotel_id, guests_guest_id, room_room_id, total_payment, checked_out) values (136, '2021-01-09', 6, '2020-07-31', '2021-04-12', 1, 10, 77, 1030, 1);
insert into bookings (booking_id, booking_date, duration_of_stay, check_in_date, check_out_date, hotel_hotel_id, guests_guest_id, room_room_id, total_payment, checked_out) values (137, '2020-08-11', 10, '2021-06-11', '2021-05-29', 4, 14, 42, 1416, 1);
insert into bookings (booking_id, booking_date, duration_of_stay, check_in_date, check_out_date, hotel_hotel_id, guests_guest_id, room_room_id, total_payment, checked_out) values (138, '2020-07-23', 5, '2020-09-18', '2021-02-12', 3, 7, 31, 2419, 1);
insert into bookings (booking_id, booking_date, duration_of_stay, check_in_date, check_out_date, hotel_hotel_id, guests_guest_id, room_room_id, total_payment, checked_out) values (139, '2020-09-07', 5, '2020-07-30', '2020-11-10', 1, 31, 24, 2236, 0);
insert into bookings (booking_id, booking_date, duration_of_stay, check_in_date, check_out_date, hotel_hotel_id, guests_guest_id, room_room_id, total_payment, checked_out) values (140, '2021-03-18', 7, '2021-03-04', '2020-08-27', 4, 14, 22, 1591, 1);
insert into bookings (booking_id, booking_date, duration_of_stay, check_in_date, check_out_date, hotel_hotel_id, guests_guest_id, room_room_id, total_payment, checked_out) values (141, '2021-03-30', 2, '2020-12-28', '2020-12-22', 2, 25, 21, 1250, 0);
insert into bookings (booking_id, booking_date, duration_of_stay, check_in_date, check_out_date, hotel_hotel_id, guests_guest_id, room_room_id, total_payment, checked_out) values (142, '2021-02-26', 4, '2020-07-18', '2020-08-17', 1, 34, 24, 1248, 0);
insert into bookings (booking_id, booking_date, duration_of_stay, check_in_date, check_out_date, hotel_hotel_id, guests_guest_id, room_room_id, total_payment, checked_out) values (143, '2021-04-28', 1, '2021-04-10', '2021-03-13', 2, 16, 48, 2777, 0);
insert into bookings (booking_id, booking_date, duration_of_stay, check_in_date, check_out_date, hotel_hotel_id, guests_guest_id, room_room_id, total_payment, checked_out) values (144, '2020-12-30', 4, '2020-08-27', '2020-11-14', 3, 30, 11, 519, 1);
insert into bookings (booking_id, booking_date, duration_of_stay, check_in_date, check_out_date, hotel_hotel_id, guests_guest_id, room_room_id, total_payment, checked_out) values (145, '2021-03-30', 2, '2021-03-15', '2020-09-16', 1, 30, 24, 2971, 1);
insert into bookings (booking_id, booking_date, duration_of_stay, check_in_date, check_out_date, hotel_hotel_id, guests_guest_id, room_room_id, total_payment, checked_out) values (146, '2021-06-02', 7, '2021-03-28', '2020-12-30', 4, 9, 88, 622, 1);
insert into bookings (booking_id, booking_date, duration_of_stay, check_in_date, check_out_date, hotel_hotel_id, guests_guest_id, room_room_id, total_payment, checked_out) values (147, '2020-08-15', 6, '2020-07-10', '2021-05-23', 4, 5, 24, 1750, 0);
insert into bookings (booking_id, booking_date, duration_of_stay, check_in_date, check_out_date, hotel_hotel_id, guests_guest_id, room_room_id, total_payment, checked_out) values (148, '2021-05-30', 9, '2021-04-17', '2021-05-01', 1, 15, 48, 2136, 1);
insert into bookings (booking_id, booking_date, duration_of_stay, check_in_date, check_out_date, hotel_hotel_id, guests_guest_id, room_room_id, total_payment, checked_out) values (149, '2020-06-27', 7, '2021-04-24', '2021-04-22', 3, 33, 87, 1936, 1);
insert into bookings (booking_id, booking_date, duration_of_stay, check_in_date, check_out_date, hotel_hotel_id, guests_guest_id, room_room_id, total_payment, checked_out) values (150, '2020-09-17', 5, '2020-12-07', '2021-06-08', 1, 29, 79, 1940, 1);
insert into bookings (booking_id, booking_date, duration_of_stay, check_in_date, check_out_date, hotel_hotel_id, guests_guest_id, room_room_id, total_payment, checked_out) values (151, '2021-01-03', 7, '2020-09-17', '2021-02-05', 3, 24, 62, 1629, 0);
insert into bookings (booking_id, booking_date, duration_of_stay, check_in_date, check_out_date, hotel_hotel_id, guests_guest_id, room_room_id, total_payment, checked_out) values (152, '2020-09-13', 10, '2020-07-16', '2021-01-19', 3, 27, 99, 2820, 1);
insert into bookings (booking_id, booking_date, duration_of_stay, check_in_date, check_out_date, hotel_hotel_id, guests_guest_id, room_room_id, total_payment, checked_out) values (153, '2020-09-28', 10, '2020-09-12', '2020-07-17', 4, 20, 24, 1364, 0);
insert into bookings (booking_id, booking_date, duration_of_stay, check_in_date, check_out_date, hotel_hotel_id, guests_guest_id, room_room_id, total_payment, checked_out) values (154, '2020-07-03', 5, '2020-09-13', '2020-07-13', 3, 10, 59, 1456, 0);
insert into bookings (booking_id, booking_date, duration_of_stay, check_in_date, check_out_date, hotel_hotel_id, guests_guest_id, room_room_id, total_payment, checked_out) values (155, '2021-01-19', 9, '2021-01-19', '2020-09-13', 2, 12, 75, 2932, 0);
insert into bookings (booking_id, booking_date, duration_of_stay, check_in_date, check_out_date, hotel_hotel_id, guests_guest_id, room_room_id, total_payment, checked_out) values (156, '2020-10-20', 7, '2021-01-09', '2021-02-26', 3, 17, 100, 1442, 0);
insert into bookings (booking_id, booking_date, duration_of_stay, check_in_date, check_out_date, hotel_hotel_id, guests_guest_id, room_room_id, total_payment, checked_out) values (157, '2020-12-23', 9, '2020-07-15', '2020-09-11', 5, 14, 53, 2117, 0);
insert into bookings (booking_id, booking_date, duration_of_stay, check_in_date, check_out_date, hotel_hotel_id, guests_guest_id, room_room_id, total_payment, checked_out) values (158, '2021-06-12', 7, '2020-11-11', '2020-10-02', 5, 6, 26, 2509, 1);
insert into bookings (booking_id, booking_date, duration_of_stay, check_in_date, check_out_date, hotel_hotel_id, guests_guest_id, room_room_id, total_payment, checked_out) values (159, '2020-12-19', 8, '2020-11-19', '2021-02-27', 2, 12, 58, 2823, 0);
insert into bookings (booking_id, booking_date, duration_of_stay, check_in_date, check_out_date, hotel_hotel_id, guests_guest_id, room_room_id, total_payment, checked_out) values (160, '2021-06-18', 1, '2021-06-07', '2021-02-27', 5, 33, 56, 1266, 0);



INSERT INTO hotel_services(service_id, service_name, service_description, service_cost, hotel_hotel_id)
 VALUES
	(1,'سرویس 24 ساعته اتاق','سرویس 24 ساعته برای پاسخ دادن به نیاز مشتریان در دسترس خواهد بود',20,1),
	(2,'تبدیل ارز','مراکز تبدیل ارز خارجی در دسترس خواهند بود',80,1),
	(3,'رختشوی خانه','رختشوی خانه و خشکشویی در دسترس خواهند بود',10,1),
	(4,'اتاق سرگرمی','تماشای فیلم',50,2),
	(5,'استخر شنا','دسترسی به استخر شنا برای همه مهمانان',100,2),
	(6,'باشگاه','باشگاه 24 ساعته',140,2);
    
    
insert into service_used (service_used_id, hotel_services_service_id, bookings_booking_id) values (1, 6, 43);
insert into service_used (service_used_id, hotel_services_service_id, bookings_booking_id) values (2, 6, 124);
insert into service_used (service_used_id, hotel_services_service_id, bookings_booking_id) values (3, 6, 92);
insert into service_used (service_used_id, hotel_services_service_id, bookings_booking_id) values (4, 3, 97);
insert into service_used (service_used_id, hotel_services_service_id, bookings_booking_id) values (5, 3, 148);
insert into service_used (service_used_id, hotel_services_service_id, bookings_booking_id) values (6, 3, 104);
insert into service_used (service_used_id, hotel_services_service_id, bookings_booking_id) values (7, 1, 158);
insert into service_used (service_used_id, hotel_services_service_id, bookings_booking_id) values (8, 5, 14);
insert into service_used (service_used_id, hotel_services_service_id, bookings_booking_id) values (9, 3, 145);
insert into service_used (service_used_id, hotel_services_service_id, bookings_booking_id) values (10, 3, 91);
insert into service_used (service_used_id, hotel_services_service_id, bookings_booking_id) values (11, 4, 150);
insert into service_used (service_used_id, hotel_services_service_id, bookings_booking_id) values (12, 3, 143);
insert into service_used (service_used_id, hotel_services_service_id, bookings_booking_id) values (13, 5, 126);
insert into service_used (service_used_id, hotel_services_service_id, bookings_booking_id) values (14, 3, 98);
insert into service_used (service_used_id, hotel_services_service_id, bookings_booking_id) values (15, 4, 152);
insert into service_used (service_used_id, hotel_services_service_id, bookings_booking_id) values (16, 2, 35);
insert into service_used (service_used_id, hotel_services_service_id, bookings_booking_id) values (17, 5, 21);
insert into service_used (service_used_id, hotel_services_service_id, bookings_booking_id) values (18, 4, 94);
insert into service_used (service_used_id, hotel_services_service_id, bookings_booking_id) values (19, 3, 16);
insert into service_used (service_used_id, hotel_services_service_id, bookings_booking_id) values (20, 3, 138);
insert into service_used (service_used_id, hotel_services_service_id, bookings_booking_id) values (21, 4, 80);
insert into service_used (service_used_id, hotel_services_service_id, bookings_booking_id) values (22, 4, 146);
insert into service_used (service_used_id, hotel_services_service_id, bookings_booking_id) values (23, 6, 72);
insert into service_used (service_used_id, hotel_services_service_id, bookings_booking_id) values (24, 1, 58);
insert into service_used (service_used_id, hotel_services_service_id, bookings_booking_id) values (25, 3, 148);
insert into service_used (service_used_id, hotel_services_service_id, bookings_booking_id) values (26, 1, 75);
insert into service_used (service_used_id, hotel_services_service_id, bookings_booking_id) values (27, 1, 120);
insert into service_used (service_used_id, hotel_services_service_id, bookings_booking_id) values (28, 2, 54);
insert into service_used (service_used_id, hotel_services_service_id, bookings_booking_id) values (29, 4, 62);
insert into service_used (service_used_id, hotel_services_service_id, bookings_booking_id) values (30, 2, 95);
insert into service_used (service_used_id, hotel_services_service_id, bookings_booking_id) values (31, 5, 42);
insert into service_used (service_used_id, hotel_services_service_id, bookings_booking_id) values (32, 2, 160);
insert into service_used (service_used_id, hotel_services_service_id, bookings_booking_id) values (33, 4, 75);
insert into service_used (service_used_id, hotel_services_service_id, bookings_booking_id) values (34, 3, 114);
insert into service_used (service_used_id, hotel_services_service_id, bookings_booking_id) values (35, 4, 102);
insert into service_used (service_used_id, hotel_services_service_id, bookings_booking_id) values (36, 4, 135);
insert into service_used (service_used_id, hotel_services_service_id, bookings_booking_id) values (37, 5, 84);
insert into service_used (service_used_id, hotel_services_service_id, bookings_booking_id) values (38, 1, 62);
insert into service_used (service_used_id, hotel_services_service_id, bookings_booking_id) values (39, 1, 120);
insert into service_used (service_used_id, hotel_services_service_id, bookings_booking_id) values (40, 6, 69);
insert into service_used (service_used_id, hotel_services_service_id, bookings_booking_id) values (41, 5, 24);
insert into service_used (service_used_id, hotel_services_service_id, bookings_booking_id) values (42, 1, 105);
insert into service_used (service_used_id, hotel_services_service_id, bookings_booking_id) values (43, 3, 77);
insert into service_used (service_used_id, hotel_services_service_id, bookings_booking_id) values (44, 6, 33);
insert into service_used (service_used_id, hotel_services_service_id, bookings_booking_id) values (45, 5, 31);
insert into service_used (service_used_id, hotel_services_service_id, bookings_booking_id) values (46, 2, 13);
insert into service_used (service_used_id, hotel_services_service_id, bookings_booking_id) values (47, 1, 89);
insert into service_used (service_used_id, hotel_services_service_id, bookings_booking_id) values (48, 2, 141);
insert into service_used (service_used_id, hotel_services_service_id, bookings_booking_id) values (49, 3, 140);
insert into service_used (service_used_id, hotel_services_service_id, bookings_booking_id) values (50, 6, 104);

